-- phpMyAdmin SQL Dump
-- version 5.1.1
-- https://www.phpmyadmin.net/
--
-- Host: 127.0.0.1
-- Generation Time: Dec 05, 2023 at 01:46 PM
-- Server version: 10.4.21-MariaDB
-- PHP Version: 7.4.24

SET SQL_MODE = "NO_AUTO_VALUE_ON_ZERO";
START TRANSACTION;
SET time_zone = "+00:00";


/*!40101 SET @OLD_CHARACTER_SET_CLIENT=@@CHARACTER_SET_CLIENT */;
/*!40101 SET @OLD_CHARACTER_SET_RESULTS=@@CHARACTER_SET_RESULTS */;
/*!40101 SET @OLD_COLLATION_CONNECTION=@@COLLATION_CONNECTION */;
/*!40101 SET NAMES utf8mb4 */;

--
-- Database: `onlinexaminationci`
--

-- --------------------------------------------------------

--
-- Table structure for table `dosen`
--

CREATE TABLE `dosen` (
  `id_dosen` int(11) NOT NULL,
  `nip` char(12) NOT NULL,
  `nama_dosen` varchar(50) NOT NULL,
  `email` varchar(254) NOT NULL,
  `matkul_id` int(11) NOT NULL
) ENGINE=InnoDB DEFAULT CHARSET=latin1;

--
-- Dumping data for table `dosen`
--

INSERT INTO `dosen` (`id_dosen`, `nip`, `nama_dosen`, `email`, `matkul_id`) VALUES
(1, '1010101010', 'Muhammad Alfa', 'alfa@gmail.com', 1),
(2, '17207174', 'Sigit Priatno, S. Kom, M. Kom', 'sigit@gmail.com', 2);

--
-- Triggers `dosen`
--
DELIMITER $$
CREATE TRIGGER `edit_user_dosen` BEFORE UPDATE ON `dosen` FOR EACH ROW UPDATE `users` SET `email` = NEW.email, `username` = NEW.nip WHERE `users`.`username` = OLD.nip
$$
DELIMITER ;
DELIMITER $$
CREATE TRIGGER `hapus_user_dosen` BEFORE DELETE ON `dosen` FOR EACH ROW DELETE FROM `users` WHERE `users`.`username` = OLD.nip
$$
DELIMITER ;

-- --------------------------------------------------------

--
-- Table structure for table `groups`
--

CREATE TABLE `groups` (
  `id` mediumint(8) UNSIGNED NOT NULL,
  `name` varchar(20) NOT NULL,
  `description` varchar(100) NOT NULL
) ENGINE=InnoDB DEFAULT CHARSET=utf8;

--
-- Dumping data for table `groups`
--

INSERT INTO `groups` (`id`, `name`, `description`) VALUES
(1, 'admin', 'Administrator'),
(2, 'Dosen', 'For making and checking Questions. And also conducting examinations'),
(3, 'Mahasiswa', 'Exam Participants');

-- --------------------------------------------------------

--
-- Table structure for table `h_ujian`
--

CREATE TABLE `h_ujian` (
  `id` int(11) NOT NULL,
  `ujian_id` int(11) NOT NULL,
  `mahasiswa_id` int(11) NOT NULL,
  `list_soal` longtext NOT NULL,
  `list_jawaban` longtext NOT NULL,
  `jml_benar` int(11) NOT NULL,
  `nilai` decimal(10,2) NOT NULL,
  `nilai_bobot` decimal(10,2) NOT NULL,
  `tgl_mulai` datetime NOT NULL,
  `tgl_selesai` datetime NOT NULL,
  `status` enum('Y','N') NOT NULL
) ENGINE=InnoDB DEFAULT CHARSET=utf8;

--
-- Dumping data for table `h_ujian`
--

INSERT INTO `h_ujian` (`id`, `ujian_id`, `mahasiswa_id`, `list_soal`, `list_jawaban`, `jml_benar`, `nilai`, `nilai_bobot`, `tgl_mulai`, `tgl_selesai`, `status`) VALUES
(1, 1, 2, '1,2', '1:A:N,2:C:N', 1, '50.00', '100.00', '2023-12-05 19:11:54', '2023-12-05 19:21:54', 'N');

-- --------------------------------------------------------

--
-- Table structure for table `jurusan`
--

CREATE TABLE `jurusan` (
  `id_jurusan` int(11) NOT NULL,
  `nama_jurusan` varchar(30) NOT NULL
) ENGINE=InnoDB DEFAULT CHARSET=utf8;

--
-- Dumping data for table `jurusan`
--

INSERT INTO `jurusan` (`id_jurusan`, `nama_jurusan`) VALUES
(1, 'Desain Komunikasi Visual 3'),
(2, 'Teknologi Informasi'),
(3, 'Sistem Informasi'),
(4, 'Akutansi 2'),
(5, 'Manajemen Informasi'),
(7, 'Teknik Komputer');

-- --------------------------------------------------------

--
-- Table structure for table `jurusan_matkul`
--

CREATE TABLE `jurusan_matkul` (
  `id` int(11) NOT NULL,
  `matkul_id` int(11) NOT NULL,
  `jurusan_id` int(11) NOT NULL
) ENGINE=InnoDB DEFAULT CHARSET=utf8;

--
-- Dumping data for table `jurusan_matkul`
--

INSERT INTO `jurusan_matkul` (`id`, `matkul_id`, `jurusan_id`) VALUES
(1, 1, 1),
(2, 2, 2);

-- --------------------------------------------------------

--
-- Table structure for table `kelas`
--

CREATE TABLE `kelas` (
  `id_kelas` int(11) NOT NULL,
  `nama_kelas` varchar(30) NOT NULL,
  `jurusan_id` int(11) NOT NULL
) ENGINE=InnoDB DEFAULT CHARSET=utf8;

--
-- Dumping data for table `kelas`
--

INSERT INTO `kelas` (`id_kelas`, `nama_kelas`, `jurusan_id`) VALUES
(1, '11.01.07', 1),
(2, '17.6B.07', 2);

-- --------------------------------------------------------

--
-- Table structure for table `kelas_dosen`
--

CREATE TABLE `kelas_dosen` (
  `id` int(11) NOT NULL,
  `kelas_id` int(11) NOT NULL,
  `dosen_id` int(11) NOT NULL
) ENGINE=InnoDB DEFAULT CHARSET=utf8;

--
-- Dumping data for table `kelas_dosen`
--

INSERT INTO `kelas_dosen` (`id`, `kelas_id`, `dosen_id`) VALUES
(1, 1, 1),
(2, 2, 2);

-- --------------------------------------------------------

--
-- Table structure for table `login_attempts`
--

CREATE TABLE `login_attempts` (
  `id` int(11) UNSIGNED NOT NULL,
  `ip_address` varchar(45) NOT NULL,
  `login` varchar(100) NOT NULL,
  `time` int(11) UNSIGNED DEFAULT NULL
) ENGINE=InnoDB DEFAULT CHARSET=utf8;

--
-- Dumping data for table `login_attempts`
--

INSERT INTO `login_attempts` (`id`, `ip_address`, `login`, `time`) VALUES
(2, '::1', 'dosen@gmail.com', 1701758038),
(3, '::1', 'dosen@gmail.com', 1701758041),
(4, '::1', 'dosen@gmail.com', 1701758044);

-- --------------------------------------------------------

--
-- Table structure for table `mahasiswa`
--

CREATE TABLE `mahasiswa` (
  `id_mahasiswa` int(11) NOT NULL,
  `nama` varchar(50) NOT NULL,
  `nim` char(20) NOT NULL,
  `email` varchar(254) NOT NULL,
  `jenis_kelamin` enum('L','P') NOT NULL,
  `kelas_id` int(11) NOT NULL COMMENT 'kelas&jurusan'
) ENGINE=InnoDB DEFAULT CHARSET=latin1;

--
-- Dumping data for table `mahasiswa`
--

INSERT INTO `mahasiswa` (`id_mahasiswa`, `nama`, `nim`, `email`, `jenis_kelamin`, `kelas_id`) VALUES
(1, 'Muhammad Kevin', '2020202020', 'kevin@gmail.com', 'L', 1),
(2, 'Alfa', '17207043', 'alfa2@gmail.com', 'P', 2);

-- --------------------------------------------------------

--
-- Table structure for table `matkul`
--

CREATE TABLE `matkul` (
  `id_matkul` int(11) NOT NULL,
  `nama_matkul` varchar(50) NOT NULL
) ENGINE=InnoDB DEFAULT CHARSET=utf8;

--
-- Dumping data for table `matkul`
--

INSERT INTO `matkul` (`id_matkul`, `nama_matkul`) VALUES
(1, 'Pengolahan Citra'),
(2, 'Web Programming 2');

-- --------------------------------------------------------

--
-- Table structure for table `m_ujian`
--

CREATE TABLE `m_ujian` (
  `id_ujian` int(11) NOT NULL,
  `dosen_id` int(11) NOT NULL,
  `matkul_id` int(11) NOT NULL,
  `nama_ujian` varchar(200) NOT NULL,
  `jumlah_soal` int(11) NOT NULL,
  `waktu` int(11) NOT NULL,
  `jenis` enum('Random','Sort') NOT NULL,
  `tgl_mulai` datetime NOT NULL,
  `terlambat` datetime NOT NULL,
  `token` varchar(5) NOT NULL
) ENGINE=InnoDB DEFAULT CHARSET=utf8;

--
-- Dumping data for table `m_ujian`
--

INSERT INTO `m_ujian` (`id_ujian`, `dosen_id`, `matkul_id`, `nama_ujian`, `jumlah_soal`, `waktu`, `jenis`, `tgl_mulai`, `terlambat`, `token`) VALUES
(1, 2, 2, 'UTS Web Programming', 2, 10, 'Sort', '2023-12-05 19:09:07', '2023-12-06 19:09:46', 'QXAHW');

-- --------------------------------------------------------

--
-- Table structure for table `tb_soal`
--

CREATE TABLE `tb_soal` (
  `id_soal` int(11) NOT NULL,
  `dosen_id` int(11) NOT NULL,
  `matkul_id` int(11) NOT NULL,
  `bobot` int(11) NOT NULL,
  `file` varchar(255) NOT NULL,
  `tipe_file` varchar(50) NOT NULL,
  `soal` longtext NOT NULL,
  `opsi_a` longtext NOT NULL,
  `opsi_b` longtext NOT NULL,
  `opsi_c` longtext NOT NULL,
  `opsi_d` longtext NOT NULL,
  `opsi_e` longtext NOT NULL,
  `file_a` varchar(255) NOT NULL,
  `file_b` varchar(255) NOT NULL,
  `file_c` varchar(255) NOT NULL,
  `file_d` varchar(255) NOT NULL,
  `file_e` varchar(255) NOT NULL,
  `jawaban` varchar(5) NOT NULL,
  `created_on` int(11) NOT NULL,
  `updated_on` int(11) DEFAULT NULL
) ENGINE=InnoDB DEFAULT CHARSET=utf8;

--
-- Dumping data for table `tb_soal`
--

INSERT INTO `tb_soal` (`id_soal`, `dosen_id`, `matkul_id`, `bobot`, `file`, `tipe_file`, `soal`, `opsi_a`, `opsi_b`, `opsi_c`, `opsi_d`, `opsi_e`, `file_a`, `file_b`, `file_c`, `file_d`, `file_e`, `jawaban`, `created_on`, `updated_on`) VALUES
(1, 2, 2, 1, '23ac2c9fd1fe6a1d9cb4c9c85e6e7bc1.jpg', 'image/jpeg', '<p>Soal</p>', '<p>Jawaban A</p>', '<p>Jawaban B</p>', '<p>Jawaban C</p>', '<p>Jawaban D</p>', '<p>Jawaban E</p>', '', '', '', '', '', 'A', 1701778067, 1701778067),
(2, 2, 2, 1, '', '', '<p>Soal 2</p>', '<p>Jawaban A</p>', '<p>Jawaban B</p>', '<p>Jawaban C</p>', '<p>Jawaban D</p>', '<p>Jawaban E</p>', '', '', '', '', '', 'B', 1701778118, 1701778118);

-- --------------------------------------------------------

--
-- Table structure for table `users`
--

CREATE TABLE `users` (
  `id` int(11) UNSIGNED NOT NULL,
  `ip_address` varchar(45) NOT NULL,
  `username` varchar(100) DEFAULT NULL,
  `password` varchar(255) NOT NULL,
  `email` varchar(254) DEFAULT NULL,
  `activation_selector` varchar(255) DEFAULT NULL,
  `activation_code` varchar(255) DEFAULT NULL,
  `forgotten_password_selector` varchar(255) DEFAULT NULL,
  `forgotten_password_code` varchar(255) DEFAULT NULL,
  `forgotten_password_time` int(11) UNSIGNED DEFAULT NULL,
  `remember_selector` varchar(255) DEFAULT NULL,
  `remember_code` varchar(255) DEFAULT NULL,
  `created_on` int(11) UNSIGNED NOT NULL,
  `last_login` int(11) UNSIGNED DEFAULT NULL,
  `active` tinyint(1) UNSIGNED DEFAULT NULL,
  `first_name` varchar(50) DEFAULT NULL,
  `last_name` varchar(50) DEFAULT NULL,
  `company` varchar(100) DEFAULT NULL,
  `phone` varchar(20) DEFAULT NULL
) ENGINE=InnoDB DEFAULT CHARSET=utf8;

--
-- Dumping data for table `users`
--

INSERT INTO `users` (`id`, `ip_address`, `username`, `password`, `email`, `activation_selector`, `activation_code`, `forgotten_password_selector`, `forgotten_password_code`, `forgotten_password_time`, `remember_selector`, `remember_code`, `created_on`, `last_login`, `active`, `first_name`, `last_name`, `company`, `phone`) VALUES
(1, '127.0.0.1', 'Administrator', '$2y$12$3APumUfpop3bJfGcMOdyGe0s6Vaof.bLOH4nlz0G6jdQmOR24RNxy', 'admin@mail.com', NULL, '', NULL, NULL, NULL, NULL, NULL, 1268889823, 1701777345, 1, 'Gracias', 'Kevin', 'ADMIN', '0'),
(33, '::1', '1010101010', '$2y$10$ahjKYKXJ5ShUgOrurMGgJuzkXJNRIV7bZuX7cJFq5koClS3PrcB5.', 'alfa@gmail.com', NULL, NULL, NULL, NULL, NULL, NULL, NULL, 1701768526, 1701768761, 1, 'Muhammad', 'Alfa', NULL, NULL),
(34, '::1', '2020202020', '$2y$10$MbGTBesPKHOVW3QT8yDcMuq5IkDrZbCw.QjBSMHvaz7mjCNbJ8twy', 'kevin@gmail.com', NULL, NULL, NULL, NULL, NULL, NULL, NULL, 1701768597, 1701768992, 1, 'Muhammad', 'Kevin', NULL, NULL),
(35, '::1', '17207174', '$2y$10$2q/yVYnuMAltdpwSLKhPP.OH9WbiU/PF5fF/JPkytUlSP8suFrly6', 'sigit@gmail.com', NULL, NULL, NULL, NULL, NULL, NULL, NULL, 1701777689, 1701779401, 1, 'Sigit', 'Kom', NULL, NULL),
(36, '::1', '17207043', '$2y$10$GSiAoocspMMwv.zPPg5qaO/4b9AhK4pjjtTi359eIxega1rHCUPf2', 'alfa2@gmail.com', NULL, NULL, NULL, NULL, NULL, NULL, NULL, 1701777768, 1701778281, 1, 'Alfa', 'Alfa', NULL, NULL);

-- --------------------------------------------------------

--
-- Table structure for table `users_groups`
--

CREATE TABLE `users_groups` (
  `id` int(11) UNSIGNED NOT NULL,
  `user_id` int(11) UNSIGNED NOT NULL,
  `group_id` mediumint(8) UNSIGNED NOT NULL
) ENGINE=InnoDB DEFAULT CHARSET=utf8;

--
-- Dumping data for table `users_groups`
--

INSERT INTO `users_groups` (`id`, `user_id`, `group_id`) VALUES
(3, 1, 1),
(35, 33, 2),
(36, 34, 3),
(37, 35, 2),
(38, 36, 3);

--
-- Indexes for dumped tables
--

--
-- Indexes for table `dosen`
--
ALTER TABLE `dosen`
  ADD PRIMARY KEY (`id_dosen`),
  ADD UNIQUE KEY `email` (`email`),
  ADD UNIQUE KEY `nip` (`nip`),
  ADD KEY `matkul_id` (`matkul_id`);

--
-- Indexes for table `groups`
--
ALTER TABLE `groups`
  ADD PRIMARY KEY (`id`);

--
-- Indexes for table `h_ujian`
--
ALTER TABLE `h_ujian`
  ADD PRIMARY KEY (`id`),
  ADD KEY `ujian_id` (`ujian_id`),
  ADD KEY `mahasiswa_id` (`mahasiswa_id`);

--
-- Indexes for table `jurusan`
--
ALTER TABLE `jurusan`
  ADD PRIMARY KEY (`id_jurusan`);

--
-- Indexes for table `jurusan_matkul`
--
ALTER TABLE `jurusan_matkul`
  ADD PRIMARY KEY (`id`),
  ADD KEY `jurusan_id` (`jurusan_id`),
  ADD KEY `matkul_id` (`matkul_id`);

--
-- Indexes for table `kelas`
--
ALTER TABLE `kelas`
  ADD PRIMARY KEY (`id_kelas`),
  ADD KEY `jurusan_id` (`jurusan_id`);

--
-- Indexes for table `kelas_dosen`
--
ALTER TABLE `kelas_dosen`
  ADD PRIMARY KEY (`id`),
  ADD KEY `kelas_id` (`kelas_id`),
  ADD KEY `dosen_id` (`dosen_id`);

--
-- Indexes for table `login_attempts`
--
ALTER TABLE `login_attempts`
  ADD PRIMARY KEY (`id`);

--
-- Indexes for table `mahasiswa`
--
ALTER TABLE `mahasiswa`
  ADD PRIMARY KEY (`id_mahasiswa`),
  ADD UNIQUE KEY `nim` (`nim`),
  ADD UNIQUE KEY `email` (`email`),
  ADD KEY `kelas_id` (`kelas_id`);

--
-- Indexes for table `matkul`
--
ALTER TABLE `matkul`
  ADD PRIMARY KEY (`id_matkul`);

--
-- Indexes for table `m_ujian`
--
ALTER TABLE `m_ujian`
  ADD PRIMARY KEY (`id_ujian`),
  ADD KEY `matkul_id` (`matkul_id`),
  ADD KEY `dosen_id` (`dosen_id`);

--
-- Indexes for table `tb_soal`
--
ALTER TABLE `tb_soal`
  ADD PRIMARY KEY (`id_soal`),
  ADD KEY `matkul_id` (`matkul_id`),
  ADD KEY `dosen_id` (`dosen_id`);

--
-- Indexes for table `users`
--
ALTER TABLE `users`
  ADD PRIMARY KEY (`id`),
  ADD UNIQUE KEY `uc_activation_selector` (`activation_selector`),
  ADD UNIQUE KEY `uc_forgotten_password_selector` (`forgotten_password_selector`),
  ADD UNIQUE KEY `uc_remember_selector` (`remember_selector`),
  ADD UNIQUE KEY `uc_email` (`email`) USING BTREE;

--
-- Indexes for table `users_groups`
--
ALTER TABLE `users_groups`
  ADD PRIMARY KEY (`id`),
  ADD UNIQUE KEY `uc_users_groups` (`user_id`,`group_id`),
  ADD KEY `fk_users_groups_users1_idx` (`user_id`),
  ADD KEY `fk_users_groups_groups1_idx` (`group_id`);

--
-- AUTO_INCREMENT for dumped tables
--

--
-- AUTO_INCREMENT for table `dosen`
--
ALTER TABLE `dosen`
  MODIFY `id_dosen` int(11) NOT NULL AUTO_INCREMENT, AUTO_INCREMENT=3;

--
-- AUTO_INCREMENT for table `groups`
--
ALTER TABLE `groups`
  MODIFY `id` mediumint(8) UNSIGNED NOT NULL AUTO_INCREMENT, AUTO_INCREMENT=4;

--
-- AUTO_INCREMENT for table `h_ujian`
--
ALTER TABLE `h_ujian`
  MODIFY `id` int(11) NOT NULL AUTO_INCREMENT, AUTO_INCREMENT=2;

--
-- AUTO_INCREMENT for table `jurusan`
--
ALTER TABLE `jurusan`
  MODIFY `id_jurusan` int(11) NOT NULL AUTO_INCREMENT, AUTO_INCREMENT=9;

--
-- AUTO_INCREMENT for table `jurusan_matkul`
--
ALTER TABLE `jurusan_matkul`
  MODIFY `id` int(11) NOT NULL AUTO_INCREMENT, AUTO_INCREMENT=3;

--
-- AUTO_INCREMENT for table `kelas`
--
ALTER TABLE `kelas`
  MODIFY `id_kelas` int(11) NOT NULL AUTO_INCREMENT, AUTO_INCREMENT=3;

--
-- AUTO_INCREMENT for table `kelas_dosen`
--
ALTER TABLE `kelas_dosen`
  MODIFY `id` int(11) NOT NULL AUTO_INCREMENT, AUTO_INCREMENT=3;

--
-- AUTO_INCREMENT for table `login_attempts`
--
ALTER TABLE `login_attempts`
  MODIFY `id` int(11) UNSIGNED NOT NULL AUTO_INCREMENT, AUTO_INCREMENT=5;

--
-- AUTO_INCREMENT for table `mahasiswa`
--
ALTER TABLE `mahasiswa`
  MODIFY `id_mahasiswa` int(11) NOT NULL AUTO_INCREMENT, AUTO_INCREMENT=3;

--
-- AUTO_INCREMENT for table `matkul`
--
ALTER TABLE `matkul`
  MODIFY `id_matkul` int(11) NOT NULL AUTO_INCREMENT, AUTO_INCREMENT=3;

--
-- AUTO_INCREMENT for table `m_ujian`
--
ALTER TABLE `m_ujian`
  MODIFY `id_ujian` int(11) NOT NULL AUTO_INCREMENT, AUTO_INCREMENT=2;

--
-- AUTO_INCREMENT for table `tb_soal`
--
ALTER TABLE `tb_soal`
  MODIFY `id_soal` int(11) NOT NULL AUTO_INCREMENT, AUTO_INCREMENT=3;

--
-- AUTO_INCREMENT for table `users`
--
ALTER TABLE `users`
  MODIFY `id` int(11) UNSIGNED NOT NULL AUTO_INCREMENT, AUTO_INCREMENT=37;

--
-- AUTO_INCREMENT for table `users_groups`
--
ALTER TABLE `users_groups`
  MODIFY `id` int(11) UNSIGNED NOT NULL AUTO_INCREMENT, AUTO_INCREMENT=39;

--
-- Constraints for dumped tables
--

--
-- Constraints for table `dosen`
--
ALTER TABLE `dosen`
  ADD CONSTRAINT `dosen_ibfk_1` FOREIGN KEY (`matkul_id`) REFERENCES `matkul` (`id_matkul`);

--
-- Constraints for table `h_ujian`
--
ALTER TABLE `h_ujian`
  ADD CONSTRAINT `h_ujian_ibfk_1` FOREIGN KEY (`ujian_id`) REFERENCES `m_ujian` (`id_ujian`),
  ADD CONSTRAINT `h_ujian_ibfk_2` FOREIGN KEY (`mahasiswa_id`) REFERENCES `mahasiswa` (`id_mahasiswa`);

--
-- Constraints for table `jurusan_matkul`
--
ALTER TABLE `jurusan_matkul`
  ADD CONSTRAINT `jurusan_matkul_ibfk_1` FOREIGN KEY (`jurusan_id`) REFERENCES `jurusan` (`id_jurusan`),
  ADD CONSTRAINT `jurusan_matkul_ibfk_2` FOREIGN KEY (`matkul_id`) REFERENCES `matkul` (`id_matkul`);

--
-- Constraints for table `kelas_dosen`
--
ALTER TABLE `kelas_dosen`
  ADD CONSTRAINT `kelas_dosen_ibfk_1` FOREIGN KEY (`dosen_id`) REFERENCES `dosen` (`id_dosen`),
  ADD CONSTRAINT `kelas_dosen_ibfk_2` FOREIGN KEY (`kelas_id`) REFERENCES `kelas` (`id_kelas`);

--
-- Constraints for table `mahasiswa`
--
ALTER TABLE `mahasiswa`
  ADD CONSTRAINT `mahasiswa_ibfk_2` FOREIGN KEY (`kelas_id`) REFERENCES `kelas` (`id_kelas`);

--
-- Constraints for table `m_ujian`
--
ALTER TABLE `m_ujian`
  ADD CONSTRAINT `m_ujian_ibfk_1` FOREIGN KEY (`dosen_id`) REFERENCES `dosen` (`id_dosen`),
  ADD CONSTRAINT `m_ujian_ibfk_2` FOREIGN KEY (`matkul_id`) REFERENCES `matkul` (`id_matkul`);

--
-- Constraints for table `tb_soal`
--
ALTER TABLE `tb_soal`
  ADD CONSTRAINT `tb_soal_ibfk_1` FOREIGN KEY (`matkul_id`) REFERENCES `matkul` (`id_matkul`),
  ADD CONSTRAINT `tb_soal_ibfk_2` FOREIGN KEY (`dosen_id`) REFERENCES `dosen` (`id_dosen`);

--
-- Constraints for table `users_groups`
--
ALTER TABLE `users_groups`
  ADD CONSTRAINT `fk_users_groups_groups1` FOREIGN KEY (`group_id`) REFERENCES `groups` (`id`) ON DELETE CASCADE ON UPDATE NO ACTION,
  ADD CONSTRAINT `fk_users_groups_users1` FOREIGN KEY (`user_id`) REFERENCES `users` (`id`) ON DELETE CASCADE ON UPDATE NO ACTION;
COMMIT;

/*!40101 SET CHARACTER_SET_CLIENT=@OLD_CHARACTER_SET_CLIENT */;
/*!40101 SET CHARACTER_SET_RESULTS=@OLD_CHARACTER_SET_RESULTS */;
/*!40101 SET COLLATION_CONNECTION=@OLD_COLLATION_CONNECTION */;
